<metadata xml:lang="en"><Esri><CreaDate>20251020</CreaDate><CreaTime>01021600</CreaTime><ArcGISFormat>1.0</ArcGISFormat><SyncOnce>FALSE</SyncOnce><DataProperties><itemProps><itemName Sync="TRUE">tl_2021_17_tract_ExportFeatures</itemName><imsContentType Sync="TRUE">002</imsContentType><itemLocation><linkage Sync="TRUE">file://\\DESKTOP-6BPUQ9G\C$\Users\Asus\Downloads\tl_2021_17_tract_ExportFeatures.shp</linkage><protocol Sync="TRUE">Local Area Network</protocol></itemLocation><itemSize Sync="TRUE">0.000</itemSize></itemProps><coordRef><type Sync="TRUE">Geographic</type><geogcsn Sync="TRUE">GCS_North_American_1983</geogcsn><csUnits Sync="TRUE">Angular Unit: Degree (0.017453)</csUnits><peXml Sync="TRUE">&lt;GeographicCoordinateSystem xsi:type='typens:GeographicCoordinateSystem' xmlns:xsi='http://www.w3.org/2001/XMLSchema-instance' xmlns:xs='http://www.w3.org/2001/XMLSchema' xmlns:typens='http://www.esri.com/schemas/ArcGIS/3.4.0'&gt;&lt;WKT&gt;GEOGCS[&amp;quot;GCS_North_American_1983&amp;quot;,DATUM[&amp;quot;D_North_American_1983&amp;quot;,SPHEROID[&amp;quot;GRS_1980&amp;quot;,6378137.0,298.257222101]],PRIMEM[&amp;quot;Greenwich&amp;quot;,0.0],UNIT[&amp;quot;Degree&amp;quot;,0.0174532925199433],AUTHORITY[&amp;quot;EPSG&amp;quot;,4269]]&lt;/WKT&gt;&lt;XOrigin&gt;-400&lt;/XOrigin&gt;&lt;YOrigin&gt;-400&lt;/YOrigin&gt;&lt;XYScale&gt;11258999068426.238&lt;/XYScale&gt;&lt;ZOrigin&gt;-100000&lt;/ZOrigin&gt;&lt;ZScale&gt;10000&lt;/ZScale&gt;&lt;MOrigin&gt;-100000&lt;/MOrigin&gt;&lt;MScale&gt;10000&lt;/MScale&gt;&lt;XYTolerance&gt;8.983152841195215e-09&lt;/XYTolerance&gt;&lt;ZTolerance&gt;0.001&lt;/ZTolerance&gt;&lt;MTolerance&gt;0.001&lt;/MTolerance&gt;&lt;HighPrecision&gt;true&lt;/HighPrecision&gt;&lt;LeftLongitude&gt;-180&lt;/LeftLongitude&gt;&lt;WKID&gt;4269&lt;/WKID&gt;&lt;LatestWKID&gt;4269&lt;/LatestWKID&gt;&lt;/GeographicCoordinateSystem&gt;</peXml></coordRef><lineage><Process ToolSource="c:\program files\arcgis\pro\Resources\ArcToolbox\toolboxes\Conversion Tools.tbx\ExportFeatures" Date="20251020" Time="010216">ExportFeatures tl_2021_17_tract "C:\Users\Asus\Desktop\Fall 2025\CE 50701\Project3\Project3.gdb\tl_2021_17_tract_ExportFeatures" # NOT_USE_ALIAS "STATEFP "STATEFP" true true false 2 Text 0 0,First,#,tl_2021_17_tract,STATEFP,0,1;COUNTYFP "COUNTYFP" true true false 3 Text 0 0,First,#,tl_2021_17_tract,COUNTYFP,0,2;TRACTCE "TRACTCE" true true false 6 Text 0 0,First,#,tl_2021_17_tract,TRACTCE,0,5;GEOID "GEOID" true true false 11 Text 0 0,First,#,tl_2021_17_tract,GEOID,0,10;NAME "NAME" true true false 7 Text 0 0,First,#,tl_2021_17_tract,NAME,0,6;NAMELSAD "NAMELSAD" true true false 20 Text 0 0,First,#,tl_2021_17_tract,NAMELSAD,0,19;MTFCC "MTFCC" true true false 5 Text 0 0,First,#,tl_2021_17_tract,MTFCC,0,4;FUNCSTAT "FUNCSTAT" true true false 1 Text 0 0,First,#,tl_2021_17_tract,FUNCSTAT,0,0;ALAND "ALAND" true true false 14 Double 0 14,First,#,tl_2021_17_tract,ALAND,-1,-1;AWATER "AWATER" true true false 14 Double 0 14,First,#,tl_2021_17_tract,AWATER,-1,-1;INTPTLAT "INTPTLAT" true true false 11 Text 0 0,First,#,tl_2021_17_tract,INTPTLAT,0,10;INTPTLON "INTPTLON" true true false 12 Text 0 0,First,#,tl_2021_17_tract,INTPTLON,0,11" #</Process><Process ToolSource="c:\program files\arcgis\pro\Resources\ArcToolbox\toolboxes\Conversion Tools.tbx\FeatureClassToFeatureClass" Date="20251020" Time="010334">FeatureClassToFeatureClass 9452ff77_81dc_40e1_b799_c21cd2be6cf3 C:\Users\Asus\Downloads tl_2021_17_tract_ExportFeatures # "STATEFP "STATEFP" true true false 2 Text 0 0,First,#,C:\Users\Asus\Desktop\Fall 2025\CE 50701\Project3\Project3.gdb\tl_2021_17_tract_ExportFeatures,STATEFP,0,1;COUNTYFP "COUNTYFP" true true false 3 Text 0 0,First,#,C:\Users\Asus\Desktop\Fall 2025\CE 50701\Project3\Project3.gdb\tl_2021_17_tract_ExportFeatures,COUNTYFP,0,2;TRACTCE "TRACTCE" true true false 6 Text 0 0,First,#,C:\Users\Asus\Desktop\Fall 2025\CE 50701\Project3\Project3.gdb\tl_2021_17_tract_ExportFeatures,TRACTCE,0,5;GEOID "GEOID" true true false 11 Text 0 0,First,#,C:\Users\Asus\Desktop\Fall 2025\CE 50701\Project3\Project3.gdb\tl_2021_17_tract_ExportFeatures,GEOID,0,10;NAME "NAME" true true false 7 Text 0 0,First,#,C:\Users\Asus\Desktop\Fall 2025\CE 50701\Project3\Project3.gdb\tl_2021_17_tract_ExportFeatures,NAME,0,6;NAMELSAD "NAMELSAD" true true false 20 Text 0 0,First,#,C:\Users\Asus\Desktop\Fall 2025\CE 50701\Project3\Project3.gdb\tl_2021_17_tract_ExportFeatures,NAMELSAD,0,19;MTFCC "MTFCC" true true false 5 Text 0 0,First,#,C:\Users\Asus\Desktop\Fall 2025\CE 50701\Project3\Project3.gdb\tl_2021_17_tract_ExportFeatures,MTFCC,0,4;FUNCSTAT "FUNCSTAT" true true false 1 Text 0 0,First,#,C:\Users\Asus\Desktop\Fall 2025\CE 50701\Project3\Project3.gdb\tl_2021_17_tract_ExportFeatures,FUNCSTAT,0,254;ALAND "ALAND" true true false 8 Double 0 0,First,#,C:\Users\Asus\Desktop\Fall 2025\CE 50701\Project3\Project3.gdb\tl_2021_17_tract_ExportFeatures,ALAND,-1,-1;AWATER "AWATER" true true false 8 Double 0 0,First,#,C:\Users\Asus\Desktop\Fall 2025\CE 50701\Project3\Project3.gdb\tl_2021_17_tract_ExportFeatures,AWATER,-1,-1;INTPTLAT "INTPTLAT" true true false 11 Text 0 0,First,#,C:\Users\Asus\Desktop\Fall 2025\CE 50701\Project3\Project3.gdb\tl_2021_17_tract_ExportFeatures,INTPTLAT,0,10;INTPTLON "INTPTLON" true true false 12 Text 0 0,First,#,C:\Users\Asus\Desktop\Fall 2025\CE 50701\Project3\Project3.gdb\tl_2021_17_tract_ExportFeatures,INTPTLON,0,11" #</Process></lineage></DataProperties><SyncDate>20251020</SyncDate><SyncTime>01033400</SyncTime><ModDate>20251020</ModDate><ModTime>01033400</ModTime></Esri><dataIdInfo><envirDesc Sync="TRUE">Microsoft Windows 10 Version 10.0 (Build 26100) ; Esri ArcGIS 13.4.0.55405</envirDesc><dataLang><languageCode value="eng" Sync="TRUE"></languageCode><countryCode value="USA" Sync="TRUE"></countryCode></dataLang><idCitation><resTitle Sync="TRUE">tl_2021_17_tract_ExportFeatures</resTitle><presForm><PresFormCd value="005" Sync="TRUE"></PresFormCd></presForm></idCitation><spatRpType><SpatRepTypCd value="001" Sync="TRUE"></SpatRepTypCd></spatRpType></dataIdInfo><mdLang><languageCode value="eng" Sync="TRUE"></languageCode><countryCode value="USA" Sync="TRUE"></countryCode></mdLang><distInfo><distFormat><formatName Sync="TRUE">Shapefile</formatName></distFormat><distTranOps><transSize Sync="TRUE">0.000</transSize></distTranOps></distInfo><mdHrLv><ScopeCd value="005" Sync="TRUE"></ScopeCd></mdHrLv><mdHrLvName Sync="TRUE">dataset</mdHrLvName><refSysInfo><RefSystem><refSysID><identCode code="4269" Sync="TRUE"></identCode><idCodeSpace Sync="TRUE">EPSG</idCodeSpace><idVersion Sync="TRUE">6.5(3.0.1)</idVersion></refSysID></RefSystem></refSysInfo><spatRepInfo><VectSpatRep><geometObjs Name="tl_2021_17_tract_ExportFeatures"><geoObjTyp><GeoObjTypCd value="002" Sync="TRUE"></GeoObjTypCd></geoObjTyp><geoObjCnt Sync="TRUE">0</geoObjCnt></geometObjs><topLvl><TopoLevCd value="001" Sync="TRUE"></TopoLevCd></topLvl></VectSpatRep></spatRepInfo><spdoinfo><ptvctinf><esriterm Name="tl_2021_17_tract_ExportFeatures"><efeatyp Sync="TRUE">Simple</efeatyp><efeageom code="4" Sync="TRUE"></efeageom><esritopo Sync="TRUE">FALSE</esritopo><efeacnt Sync="TRUE">0</efeacnt><spindex Sync="TRUE">FALSE</spindex><linrefer Sync="TRUE">FALSE</linrefer></esriterm></ptvctinf></spdoinfo><eainfo><detailed Name="tl_2021_17_tract_ExportFeatures"><enttyp><enttypl Sync="TRUE">tl_2021_17_tract_ExportFeatures</enttypl><enttypt Sync="TRUE">Feature Class</enttypt><enttypc Sync="TRUE">0</enttypc></enttyp><attr><attrlabl Sync="TRUE">FID</attrlabl><attalias Sync="TRUE">FID</attalias><attrtype Sync="TRUE">OID</attrtype><attwidth Sync="TRUE">4</attwidth><atprecis Sync="TRUE">0</atprecis><attscale Sync="TRUE">0</attscale><attrdef Sync="TRUE">Internal feature number.</attrdef><attrdefs Sync="TRUE">Esri</attrdefs><attrdomv><udom Sync="TRUE">Sequential unique whole numbers that are automatically generated.</udom></attrdomv></attr><attr><attrlabl Sync="TRUE">Shape</attrlabl><attalias Sync="TRUE">Shape</attalias><attrtype Sync="TRUE">Geometry</attrtype><attwidth Sync="TRUE">0</attwidth><atprecis Sync="TRUE">0</atprecis><attscale Sync="TRUE">0</attscale><attrdef Sync="TRUE">Feature geometry.</attrdef><attrdefs Sync="TRUE">Esri</attrdefs><attrdomv><udom Sync="TRUE">Coordinates defining the features.</udom></attrdomv></attr><attr><attrlabl Sync="TRUE">STATEFP</attrlabl><attalias Sync="TRUE">STATEFP</attalias><attrtype Sync="TRUE">String</attrtype><attwidth Sync="TRUE">2</attwidth><atprecis Sync="TRUE">0</atprecis><attscale Sync="TRUE">0</attscale></attr><attr><attrlabl Sync="TRUE">COUNTYFP</attrlabl><attalias Sync="TRUE">COUNTYFP</attalias><attrtype Sync="TRUE">String</attrtype><attwidth Sync="TRUE">3</attwidth><atprecis Sync="TRUE">0</atprecis><attscale Sync="TRUE">0</attscale></attr><attr><attrlabl Sync="TRUE">TRACTCE</attrlabl><attalias Sync="TRUE">TRACTCE</attalias><attrtype Sync="TRUE">String</attrtype><attwidth Sync="TRUE">6</attwidth><atprecis Sync="TRUE">0</atprecis><attscale Sync="TRUE">0</attscale></attr><attr><attrlabl Sync="TRUE">GEOID</attrlabl><attalias Sync="TRUE">GEOID</attalias><attrtype Sync="TRUE">String</attrtype><attwidth Sync="TRUE">11</attwidth><atprecis Sync="TRUE">0</atprecis><attscale Sync="TRUE">0</attscale></attr><attr><attrlabl Sync="TRUE">NAME</attrlabl><attalias Sync="TRUE">NAME</attalias><attrtype Sync="TRUE">String</attrtype><attwidth Sync="TRUE">7</attwidth><atprecis Sync="TRUE">0</atprecis><attscale Sync="TRUE">0</attscale></attr><attr><attrlabl Sync="TRUE">NAMELSAD</attrlabl><attalias Sync="TRUE">NAMELSAD</attalias><attrtype Sync="TRUE">String</attrtype><attwidth Sync="TRUE">20</attwidth><atprecis Sync="TRUE">0</atprecis><attscale Sync="TRUE">0</attscale></attr><attr><attrlabl Sync="TRUE">MTFCC</attrlabl><attalias Sync="TRUE">MTFCC</attalias><attrtype Sync="TRUE">String</attrtype><attwidth Sync="TRUE">5</attwidth><atprecis Sync="TRUE">0</atprecis><attscale Sync="TRUE">0</attscale></attr><attr><attrlabl Sync="TRUE">FUNCSTAT</attrlabl><attalias Sync="TRUE">FUNCSTAT</attalias><attrtype Sync="TRUE">String</attrtype><attwidth Sync="TRUE">1</attwidth><atprecis Sync="TRUE">0</atprecis><attscale Sync="TRUE">0</attscale></attr><attr><attrlabl Sync="TRUE">ALAND</attrlabl><attalias Sync="TRUE">ALAND</attalias><attrtype Sync="TRUE">Double</attrtype><attwidth Sync="TRUE">19</attwidth><atprecis Sync="TRUE">0</atprecis><attscale Sync="TRUE">0</attscale></attr><attr><attrlabl Sync="TRUE">AWATER</attrlabl><attalias Sync="TRUE">AWATER</attalias><attrtype Sync="TRUE">Double</attrtype><attwidth Sync="TRUE">19</attwidth><atprecis Sync="TRUE">0</atprecis><attscale Sync="TRUE">0</attscale></attr><attr><attrlabl Sync="TRUE">INTPTLAT</attrlabl><attalias Sync="TRUE">INTPTLAT</attalias><attrtype Sync="TRUE">String</attrtype><attwidth Sync="TRUE">11</attwidth><atprecis Sync="TRUE">0</atprecis><attscale Sync="TRUE">0</attscale></attr><attr><attrlabl Sync="TRUE">INTPTLON</attrlabl><attalias Sync="TRUE">INTPTLON</attalias><attrtype Sync="TRUE">String</attrtype><attwidth Sync="TRUE">12</attwidth><atprecis Sync="TRUE">0</atprecis><attscale Sync="TRUE">0</attscale></attr></detailed></eainfo><mdDateSt Sync="TRUE">20251020</mdDateSt></metadata>
